SA20088 資料分析師,華碩電腦股份有限公司,台北市北投區台北市北投區中央南路二段35號6樓,25.1220483,121.5003096,這是一個支援全球 scale 的團隊，我們進行研究、實驗、建立政策、製作指導文件、發展課程，透過各種溝通方式及規模不一的專案合作，讓公司的數位行銷往最新且正確的方向發展。我們期許自己能在世界級的難題中提供世界級的解決方案。這是我們要求英文能力、細心及積極的原因。1. 解決全球數據追蹤分析與 SEO 需求與維運。2. 數據分析工具架構佈建、分析洞察諮詢與管理 (GA、Yandex Metrica、百度統計、GTM、Firebase 等)。3. 全球推廣數據分析 與 SEO data driven 觀念與操作諮詢。4. Google 與 Facebook 等主要廣告平台技術導入與新應用研究，架構佈建。5. 公司內部產品與平台成長與 SEO 優化。6. 研究最新技術的應用並分析成效與可行性。,不拘 不拘 ,1.  熟悉Google Analytics工具，除了撈資料與解讀基本報表之外，要能善用進階功能找出insight，熟悉運作原理， 實際運用1年以上。2.  對於數位廣告科技有使用或管理經驗，了解與熟悉 Google 與Facebook 廣告平台運作邏輯。3.  對數據分析有熱誠，細心且積極，可獨立作業。4.  英文能力: 能用英文與國外同事口語溝通與書信溝通，能夠用英文進行簡報加分。5.  資料追蹤與分析相關工作經驗3年以上加分項目:1.  對 Database 與 SQL 原理熟悉，能夠下 SQL 查詢撈資料。2.  會利用 R 或 Python 做資料處理為加分。3.  會利用 Data Studio  Tableau 做資料視覺化為加分。
SAP(BW/資料倉儲)系統工程師,(總公司)南山人壽保險股份有限公司,台北市信義區莊敬路168號,25.0317939,121.5610914,●規劃高可靠度SAP系統架構(HA SAP Landscape Design)●配合專案需求建置所需SAP系統環境(Installation and Client/System Copy)●負責SAP系統(含HANA/MaxDB資料庫)運維，透過日常系統巡檢，性能監控及調校，以確保系統穩定度，及處理系統變更請求●協助SAP模組顧問，進行各類資訊問題查修即故障排除(Incident Management)●SAP系統成長監測與硬體需求規劃(HW capacity planning)●協助監控各種 BW Jobs/ Process Chain狀態及效能調整●協助檢測BW與Source System連線狀態與各種問題排除,不拘 不拘 ,●對資料庫管理有興趣 具耐心及專注力●具資料庫管理、Data Warehousing、統計分析等相關經驗●具有SAP AP任一應用系統經驗佳(ERP/BASIS/CRM/BW/PI/...)●熟悉SAP ABAP/MS SQL資料庫/Java程式語言者尤佳
資料庫管理員(捷元子公司),捷元股份有限公司,台北市內湖區瑞光路66巷36號  (內湖科技園區),25.0701073,121.5813009,1.具備SQL語法撰寫基礎 2.MS-SQL資料庫的日常管理和維護 3.建立及更新各類文件檔案 4.主管交辦事項 5.協助系統錯誤排查,不拘 不拘 ,●對資料庫有高度興趣及學習意願  ●有責任感、態度積極 ●學習能力強、細心
DBA資料庫管理師,前進國際股份有限公司,台北市大安區復興南路一段303號8樓,25.034772,121.544159,1.資料庫建置.升級.維護 2.資料庫監控.效能調教 3.協助AP端資料庫問題處理,MS SQL、Oracle 不拘 ,1. 有EDB經驗者尤佳 2. 熟Oracle/SQL-Server管理 3. 熟Unix及Linux 4. 有良好的溝通能力及抗壓性
【2018玉山研發替代役】－資料工程師,玉山銀行_玉山商業銀行股份有限公司,台北市松山區,25.0541591,121.5638621,1. 協助建立非結構化資料庫及其分析演算法 2. 進行演算法的測試與營運 3. 運用平行處理架構設計以高效處理與運用巨量資料,不拘 不拘 ,1. 具備程式語言及開發的背景，如資訊工程/管理、電機、數學、應數、物理等理工科系。 2. 了解資料結構(Data Structure)並具備基本Machine Learning 相關知識。 3. 具操作過大型資料集(1TB以上)、Hadoop 資料倉儲或Spark 平行化處理之經驗者尤佳。
台北科技研發中心-資料庫工程師,旺旺集團_宜蘭食品工業股份有限公司,台北市南港區重陽路120號,25.056446,121.599484,1.SAP DS排程開發及維護 2.資訊系統相關資料庫管理及維護 3.資料庫相關技術研究、專案可行性評估、規劃、支援,不拘 不拘 ,1.有SQL及非SQL資料庫管理相關工作經驗者佳 2.良好的理解、表達能力和溝通技巧，喜歡團隊工作
資料庫工程師【SACG】,聚碩科技股份有限公司,台北市內湖區內湖路一段516號10樓,25.080176,121.574101,1. Oracle Installation & Configuration 2. Oracle Backup & Recovery 3. Oracle Routine Maintenance Tasks 4. Oracle Data Migration 5. Basic SQL  PL/SQL,不拘 不拘 ,1. 具Oracle資料庫基本能力者佳 2. 具Red Hat Linux作業系統基本能力者佳 3. 具自學能力及上進心者佳 4. 若有 Oracle OCA 或 OCP 證照者尤佳
電腦資料處理員,立晶空間資訊有限公司,台北市文山區木新路三段58號3樓,24.9825788,121.5639576,1.進行資料處理、轉換及整合工作。 2.將輸入的資料與原始文件作比對，或是重新輸入資料以確認資料的正確性。 3.收集電腦作業所需輸入之資料，並分送輸出資訊給相關人員。,Windows XP、Windows 7、Excel、Word 作業系統基本操作、文書處理軟體操作 ,未填寫
資訊人員-資料整合分析人員,中國航運股份有限公司,台北市中正區濟南路一段15號,25.042619,121.5223842,1.資料庫規劃與維護 2.資料整合分析 3.報表輸出  薪資：無經驗36000元；有經驗者可面議,不拘 不拘 TOEIC ,TOEIC
資料庫顧問師,杏翔股份有限公司,台北市內湖區內湖路一段360巷8號5樓  (內湖科技園區),25.0808147,121.57013519999998,1.規劃、執行資料庫資料備援及回覆計畫。 2.監控資料庫效能，並適時針對相關參數及SQL進行調校。 3.提供諮詢並處理使用者使用資料庫的相關問題。 4.系統工程、網路管理相關技術諮詢,不拘 不拘 ,普通重型機車、普通小型車
資料庫工程師,創維企業有限公司,台北市內湖區基湖路35巷51號6樓之1,25.079302,121.566887,1.資料庫管理 協助規劃 開發與診斷 2.確保資料庫以最佳效益運行,不拘 不拘 ,未填寫
資訊部 資料庫管理師(凱基證券),中華開發金融控股股份有限公司(凱基證券)(凱基銀行),台北市中正區,25.0421407,121.5198716,1. 資料庫伺服器環境架構評估與規劃2. 安裝及升級資料庫軟體3. 資料庫的建立與設定4. 建立備份及復原計畫5. 建立異地備援及災後復原機制6. 建立資料庫安全性管理規範及監控機制7. 監控及調校資料庫的效能、儲存狀況及堪用性8. 資料庫故障排除9. 資料庫安全稽核系統建立及管理10.資料庫日常維運及作業需求處理.,不拘 不拘 ,1. 具備Oracle Database 11g或12c OCP或MS MCSE: Data Platform認證2. 具備SQL程式撰寫與效能調校經驗3. 以Script管理Windows、Linux作業之能力4. 良好的人際溝通協調能力5. 可接受24小時故障排除之工作需求6. MS SQL Server及Oracle資料庫管理相關工作經驗3年.
資料庫管理師,雄獅資訊科技股份有限公司,台北市內湖區石潭路151號,25.063350474439684,121.58969896137694,1.訂定Microsoft SQL Server 管理政策、規範、作業辦法 2.MongoDB  Database 研發及建置導入 3.資料庫備份計劃制定及管理     4.資料庫相關技術及使用注意事項宣導與教育訓練 5.效能監控及索引調教                 6.SQL Batch Job 監控及管理                 7.SQL Error Log分析                      8.監控資料庫空間增長情況，檢查資料庫空間配置是否足夠使用。,不拘 不拘 ,加分項目 1.熟 Microsoft TSQL Stored procedure、Trigger 2.具.NET 開發經驗 3.具MCSE5證照
DBA資料庫管理師,全聯福利中心_全聯實業股份有限公司,台北市中山區敬業四路33號,25.0810106,121.5579204,1.具備MS-SQL(主)與ORACLE(次)資料庫的日常維護與管理經驗； 2.有能力執行大型企業的資料庫的管理或是版本昇級、備援、容錯設計使用經驗為佳； 3.具有優化調校既有的DB 屬性、環境參數、交易語法效能經驗;  4.根據系統開發需求規劃資料庫伺服器硬體資源設定；  5.積極學習，快速熟悉所負責的業務邏輯，明確各模組之間的資料庫調用關係；  6.負責資料庫的日常操作、安裝、配置、監控、負載均衡、即時備份、災難恢復和管理；,不拘 不拘 ,未填寫
資料庫管理師,群益證券投資信託股份有限公司,台北市大安區敦化南路二段69號15樓(106),25.0306449,121.549205,1. SQL Server架設、管理、維護。 2. T-SQL及Stored Procedure撰寫、效能優化。 3. 資料庫管理日常維護、監控、故障排除。 4. 資料庫備份管理、災難復原。 5. Tableau Server管理、備份、升級、BI報表分析製作。,MS SQL 不拘 ,1. 5年以上工作經驗、使用及管理MS SQL Sever HA經驗2年以上。 2. 熟MSSQL/T-SQL/Store Procedure。(必要) 3. 略懂MySQL、Tableau。
資料庫(DB)工程師-台北總處,誠揚商務服務股份有限公司,台北市中山區長春路176號4樓,25.054519,121.5341196,工作內容 :  1.熟悉PYTHON，SQL語法、服務建置。  2.建構 Galera cluster服務及系統參數效能管理。  3.熟悉資料庫/叢集運作機制，熟悉InnoDB儲存引擎特質。  4.分析資料庫效能瓶頸、Slow query、Lock info。  5.撰寫Stored Procedure與各項Function與優化。  6.資料庫效能監控與管理、使用者權限設定與管理。  7.熟悉虛擬化平台、Linux 系統、MSSQL者更佳。  您會獲得 : 經營平台的機會、享受網站、APP進化的成就感，進軍國際舞台。  工作環境 : 全台數一數二最高檔的辦公環境，與優秀的團隊互動腦力激盪。  額外獎勵 : KPI廣大通路銷售分紅，由通路為您賺錢。   悄悄話 : 我們希望你擁有的特質 :  　良好的溝通力－清楚表達自己的想法  　聰明的解決力－妥善並獨立解決大小問題  　樂於吸收新知－對網路技術和程式設計充滿熱忱  　善於與人相處－你可以在這裡得到許多的好友  　熱愛學習與分享，享受新創團隊充滿挑戰性的生活  　具有廣度興趣，熱愛接收新鮮事物，能跟各領域人才交流學習  　個性活潑、積極與健談，抗壓性高，且有工作熱忱。   每個程式工程師年輕時，都該有個人生的代表作、成功作品，體現超越實踐功能的技術能力外，超越自己，做出眾人熱愛的產品，加入MyGo，就是加入國際舞台，加入MyGo就是加入對的商業模式，對的商業模式無比重要，加入不對的商業模式，浪費您寶貴生命。   MyGo MyGo.com / MyGoNews.com / MyGo Plus APP創造了房地產個人化的時代，好比房產商業版本的臉書、或房地產版的UBER，讓仲介個人透過MyGo.com、MyGo Plus APP的線上服務能夠輕鬆創業。如果您想要成功、享受創造破壞性創新轟動市場的快感，立即加入我們團隊，讓我們一同將平台推廣至東協、至中國。讓世界看到台灣的榮耀。 創新的DNA就是本公司的特色，一次次創造出創新的作品，目標國際設計獎項，就是本公司設計團隊的目標。,ASP.NET、Python、MySQL 不拘 ,加分技能 :  1.具統計分析或資料探勘或機器學習應用相關工作或研究經驗為佳 2.系統分析、雲端服務管理、Machine learning(list attached)
資料庫高級工程師(研發訓儲替代役),伊雲谷數位科技股份有限公司,台北市中山區南京東路3段9號5F,25.0523319,121.537389,1.AWS RDS 資料庫管理與備份 2.依據專案需求(升級)，規劃資料庫架構最佳化設計。  3.規劃、執行資料庫資料備份/還原策略。  4.管理各項資料庫資源使用，包含使用Sessions、權限管理、使用空間、系統資源（CPU、Memory、IO）等。  5.監控資料庫效能，並適時針對相關參數、架構、SQL進行調校。  6.提供專業諮詢服務並處理使用者使用資料庫的相關問題。  7.熟悉其中一種資料庫: Oracle  MS SQL  MS SQL 8.撰寫系統背景批次作業(UNIX/LINUX Shell script)、PLSQL  以配合系統管理或Daily Check Alert通知。  9.依客戶要求，定期產出資料庫效能分析報告、效能調整建議報告。,不拘 不拘 ,1. Oracle MS SQL MySQL管理經驗 2. 具AWS RDS使用. 管理. 開發經驗尤佳 3. 具OCP或MCSA SQL 2008或MCSA SQL 2012認證佳   英文能力佳者優先錄用，公司提供Amazon Web Service相關訓練與認證考試。歡迎對資料庫有興趣的應屆畢業生或有熱情的年輕人加入！
SQL 資料庫工程師,碩誠國際股份有限公司,台北市松山區敦化北路170號14樓D室,25.0564859,121.5486072,- 熟悉資料庫之SQL語法指令(PL/SQL或T-SQL)執行資料轉換及驗證。  - 熟悉資料庫安裝、設定及操作實務經驗1年以上。(Oracle、MS SQL Server、MySQL至少一種)  - 具備Stored Procedure實務經驗1年以上尤佳。  - 可獨立或與團隊合作，工作態度積極、負責，能配合公司規定。  - 依不同經驗及能力來負責系統之分析(SA)、設計(SD)以及程式撰寫(PG)。  - 配合公司專案需求至客戶端駐點服務。,不拘 不拘 ,未填寫
"社群資料工程師 (資料平台工程師, Java)",意藍資訊股份有限公司,台北市大安區信義路四段184號6樓,25.0330243,121.5513363,本公司為社群資料分析的專業領導廠商，提供全國規模最大的網路社群監測與分析平台《OpView社群口碑資料庫》，涵蓋台灣地區九成以上的社群媒體，在數十億筆的雲端資料庫內，即時精確地分析網路上的口碑聲量，是數位行銷時代重要的工具。因此，邀請想投入資料數據產業的各方好手加入，包括資料科學平台設計、深度語意分析、資料科學呈現及前台界面等工程人員。  本職務需熟悉程式開發，主要工作內容為： 1 網路社群資料擷取及處理 2 巨量資料儲存及分析 3 分散式與叢集資料庫規劃、設計及維運  歡迎Java愛好者加入! (也有研發替代役職缺),Linux、Windows Server 2008、Windows Server 2012、Java、JDBC、MySQL、RDBMS、HTML、HTTP 作業系統基本操作、系統維護操作、軟體工程系統開發、軟體程式設計、結構化程式設計、網路程式設計、模組化系統設計、資料庫系統管理維護、資料庫程式設計、資料庫軟體應用 ,熟悉 Regular Expression or XPath 有第三方API操作經驗 e.x. Facebook Graph API  Twitter API  etc. 歡迎附上 GitHub 展示作品
資料庫工程師 DBA,強勝有限公司,台北市內湖區瑞湖街36號5樓,25.0744686,121.5757001,#必要條件要求  1. 有 MYSQL   MSSQL  LINUX 基本操作經驗。 2. 懂 T-SQL 語法、Stored Procedure、Trigger。  3. 有資料庫 Table設計與Index Create 經驗。  #加分條件  1. 有效能調校經驗者佳。  2. 對Audit、監控有相關經驗。   3. 有程式開發經驗者佳。  4. 基本的報表設計與撰寫能力。 5. 有實際的 HA 架構管理經驗優先考慮。 6. 需有工作熱誠、負責細心、主動解決問題能力、能團隊合作、互相討論與技術分享。  #主要工作內容  1. 協助線上網站的運作維護 。 2. 公司遊戲產品相關資料庫開發設置。 3. 後台與資料庫間介接規畫及開發 。 4. 運營相關資料庫監控及處理。 5. 配合公司專案執行 。 6. 新技術之研究與發展 。 7. 主管交辦之業務。,不拘 不拘 ,#公司提供資源  • 程式技術資訊的教育訓練與其他相關研討會的參與 • 相關程式書籍供參考使用
系統及資料庫工程師,德義資訊股份有限公司,台北市內湖區,25.083416,121.590373,1.建置、管理與維護公司系統。 2.開發MIS系統的功能，以符合企業需求，需撰寫Oracle PL/ SQL。 3.產出公司報表。,Oracle、PL/SQL 作業系統基本操作、資訊設備環境設定、資料庫程式設計 ,未填寫
資料庫管理師(Q17),關貿網路股份有限公司,台北市南港區三重路19之13號6樓(115)  (南港軟體工業園區),25.058303,121.613953,1.資料庫、AP Server等系統維運管理2.規劃、資源使用分析與效能調校等   3.產品規劃與新技能導入4.維運工具標準化與自動化規劃5.自動化監控的規劃與實做,不拘 不拘 ,須具備條件1.    ORACLE DB 或IBM DB2  3年以上實務維運管理經驗2.    具備Oracle OCP or IBM DB2同等證照3.    熟悉AIX or  Linux 指令操作及shell script撰寫選擇性條件若再具SQL SERVER相關證照及維運管理經驗者佳
聯強 資料庫工程師(亞太第一大資通訊通路集團),聯強國際股份有限公司,台北市中山區民生東路三段75號,25.058039,121.543829,(2018菁英計劃)於集團總部負責全球各地營運系統之研發與管理。每年投資5億打造國際級軟體之研發，有完善的專業培訓課程，歡迎具國際觀的有志人才加入。  1.資料庫日常維護(監控/備份/異常處理)。 2.資料庫壓力測試，SQL語法調校。 3.資料庫架構規劃和安全管理 4.配合專案規劃達到最佳化，減少資料重複性。 5.規劃、建置及改善公司資料庫，以提供最佳的資訊系統服務。,不拘 不拘 ,1.資料庫兩年以上管理經驗 具Oracle經驗尤佳 2.具SQL撰寫與調校經驗
資料分析研發工程師 (Python Engineer),大數據股份有限公司,台北市中山區民生東路二段,25.0579434,121.5325398,本公司為專業社群資料分析廠商， 提供網路社群分析大數據平台《KEYPO大數據關鍵引擎》，網羅社群與媒體平台，透過人工智慧與機器學習在海量資料中洞察網路口碑，讓行銷與決策如虎添翼綜觀全局。 推出粉專分析大數據平台《FANSDO粉絲行為追蹤器》，洞悉粉絲行為，透過大數據剖析粉專經營績效與最佳互動時機。  本職務專注於： 開發分析系統，RESTful API，數據分析引擎與報告儀表。 對資料科學、大數據分析、人工智慧有興趣者。  必要技能 - 熟悉 Python 語法 - 有 Django Framework 開發經驗 - 研發方向以檢索系統、文字探勘、語意分析、資訊視覺化為主  - 熟 Mariadb或mysql - 有Falcon、Flask使用與開發經驗  加分技能： - 懂得 Web Server 運作，可以完整了解 Nginx - 熟悉推薦演算法、NLP(自然語言處理)、語意分析方法；熟悉Deep Learning演算法，具備Big Data 分析經驗尤佳。 - 有在 Linux (Ubuntu)環境下開發的經驗，熟悉docker。 - 熟悉至少一套容器調度工具，Docker Swarm或Kubernetes 尤佳 - 有 RESTful API 的開發經驗 - 熟悉Redis、Elasticsearch、MongoDB、ArangoDB、PostgreSQL尤佳 - 熟悉 Git flow 開發流程 - 了解前端技術佳 - 良好的溝通及問題解決能力,Linux、OOP、AJAX、Python、Data Modeling、ETL、MySQL、PostgreSQL、RDBMS、Version Control、Data Architect 系統架構規劃、系統維護操作、軟體工程系統開發、軟體品質與保證、功能測試(function test)、問題追蹤處理(Bug tracking)、軟體整合測試、軟體程式設計、網路程式設計、模組化系統設計、資料庫程式設計、系統架構規劃與維護 ,1.有能力自主學習、願意主動改善產品與平台、熱愛技術研究 2.有耐心，具備團隊溝通能力 3.對敏捷式開發、巨量資料分析有經驗或興趣
ORACLE DBA(ORACLE資料庫管理),中菲電腦股份有限公司,台北市內湖區行愛路151號,25.063894,121.580118,本公司為上櫃績優系統整合公司，IBM在台灣最大經銷商。 本工作主要使用Oracle/DB2/Websphere於Unix或Windows大型伺服器，主要內容為安裝規劃、系統維護、客戶服務。 歡迎具團隊精神、能接受挑戰有志於IT產業穩定發展的同志加入。 工作內容: 資料庫系統維護與建置 Shell Script與SOP撰寫 資料庫升級/平台轉換 資料庫儲存環境管理建置 資料庫備份系統建置 客戶問題處理 專案管理,不拘 不拘 ,普通小型車
資料庫開發工程師,億力資訊股份有限公司,台北市大同區,25.0627243,121.5113064,1.具有date Mart經驗 2. 3+ yrs on ETL/Data Warehouse 3. 熟悉資料庫 4. .具有big data經驗尤佳 5. 配合專案需求駐點開發,不拘 不拘 ,未填寫
【誠品】商品資料管理專員,誠品股份有限公司,台北市信義區松德路196號B1(110),25.034946,121.574281,1.中、英、日文圖書資料建立2.國外文具禮品，食品商品資料建立3.廠商與合約資料管理4.使用SAP系統維護資料與報表執行5.部門交辦事項支援,Excel、Outlook、PowerPoint、Word、中文打字50~75、英文打字50~75 不拘 ,1.喜愛閱讀，樂於學習2.積極主動，細心負責3.具邏輯與組織能力4.團隊合作及擅溝通協調5.應屆畢業可，有一年以上工作經驗佳
資料庫程式設計師,德義資訊股份有限公司,台北市中正區,25.029226,121.520445,1. 熟悉Store Procedure (Oracle)2. 參與資料轉換,不拘 不拘 ,未填寫
MS SQL（SQL Server)資料庫管理師,艾博斯科技股份有限公司,台北市松山區,25.0541591,121.5638621,本公司有一專責負責提供多種資料庫顧問諮詢及服務單位，其以專精於資料庫相關技術範圍為主，並有自己獨家代理資料庫相關應用軟體，進而期望及尋找喜歡挑戰學習新技能且立志成為IT服務業專業顧問的你。 如果您對MS SQL SERVER資料庫有高度的熱情與自信，想進一步提昇資料庫技能者。本公司現正高薪召募DB專業顧問，我們提供自由的環境，有志轉型成為DB顧問者，歡迎您來應徵，以下是我們的工作內容： 《職務說明》 1. 提供資料庫技術支援及諮詢 2. 資料庫相關架構規劃與建置 3. 資料庫系統故障排除 問題分析及解決 4. 資料庫系統管理監控 效能調校 5. 提供專業技術報告及建議書 6. 協助業務進行產品銷售 7. 協助客戶進行產品POC  《職務需求》 1. 熟悉SQL SERVER 並具實際DBA經驗者 2. 熟悉T-SQL語法與procdure trigger function等編寫 3. 對高可用性規劃與建置有經驗者佳 4. 對資料庫故障判斷及問題處理有經驗者佳,不拘 不拘 MCSE、MCSA ,MCSE、MCSA
資料分析師(金融)-B100,精誠資訊股份有限公司,台北市內湖區瑞光路318號,25.0765969,121.5735621,於DWH Data Analysis工作經驗5年以上：1. 熟悉銀行核心系統(Core Banking)或其它相關業務2. 具備銀行業DWH資料分析與建立Modeling經驗3. 具備跨平台資料分析4. 具Stored Procedure撰寫能力5. 熟悉ETL工具(如Informatica),不拘 不拘 ,未填寫
資深資料庫管理師 (SQL Server),真好玩娛樂科技股份有限公司,台北市中山區南京東路3段225號7樓,25.0521001,121.5436647,1.現有SQL Server管理與維護。 2.熟悉T-SQL 語法、Stored Procedure、Trigger、Function、View等編寫。 3.熟悉資料庫系統管理監控 效能調校。 4.熟悉規劃、執行資料庫資料備援及回覆計畫，故障判斷及問題處理。 5.對高可用性 (HA) 規劃與建置有經驗者。 6.能依商務需求設計計算報表與相關功能。 7.熟悉MS SQL 2012或以上，並具實際DBA經驗者。,Database Management、MS SQL、MySQL 不拘 ,具 MCDBA 者佳。 熟 .NET、ASP.NET、C#者佳。
DBA 資料庫工程師 (熟MS SQL),聖森股份有限公司,台北市內湖區,25.0689422,121.5909027,1.依據使用者需求，參與資料庫架構的設計，並針對整體系統架構提供建議，以創建最佳資料庫架構。 2.規劃、執行資料庫資料備援及回覆計畫。 3.管理各項資料庫資源使用，包含使用數量、權限管理、使用空間、系統資源（CPU、Memory、IO）等。 4.監控資料庫效能，並適時針對相關參數及 MS SQL進行調校。 5.提供諮詢並處理使用者使用資料庫的相關問題。,不拘 不拘 ,熟 MS SQL 2005或以上 .NET、ASP.NET
資料庫與檔案管理人員,西基電腦動畫股份有限公司,台北市南港區忠孝東路六段21號9樓,25.0468916,121.5826368,專案資料庫開發維護與整合,MySQL、JavaScript 不拘 ,熟悉Linux、Shell、具資訊管理系統經驗者將優先面試，另附作品尤佳。
工程師(資料庫維護),PChome Store_商店街市集國際資訊股份有限公司,台北市大安區敦化南路二段105號14樓,25.0284385,121.5491655,ORACLE資料庫建置、維護、故障排除,Oracle 不拘 ,1.熟LINUX系統、X86、RALD硬體、VMWARE ESXI 2.SQL語法效能調整 3.英文文件閱讀
Big Data資料平台架構師,歐立威科技股份有限公司,台北市大同區鄭州路87號10樓,25.050017,121.512371,1.依據使用者需求，參與巨量資料庫／資料庫架構的設計，並針對整體系統架構提供建議，以創建最佳資料庫架構。 2.規劃、執行資料庫資料備援及回覆計畫。 3.管理各項資料庫資源使用，包含使用數量、權限管理、使用空間、系統資源（CPU、Memory、IO）等。 4.監控資料庫效能，並適時針對相關參數及SQL進行調校。 5.提供諮詢並處理使用者使用資料庫的相關問題。,Linux 不拘 ,1.熟PL／SQL尤佳。 2.熟Linux尤佳。 3.熟Java尤佳。 4.熟Oracle DB尤佳。 5.熟Hadoop尤佳。
10_資料庫管理師(DBA),台灣之星電信股份有限公司,台北市內湖區,25.0689422,121.5909027,1.Oracle & SQL Server資料庫設計與管理 2.資料庫日常維運與效能調校 3.資料庫備份與回復機制建立與驗證4.SOP文件撰寫,Oracle 不拘 ,未填寫
後端資料工程師 -D,CHOCO TV_巧克科技新媒體股份有限公司,台北市松山區民權東路三段142號17樓,25.061739,121.546874,CHOCOLABS邀請，夥伴來作伴  ☞ 協助建立後端資料處理與分析系統 ☞ 資料模型設計與優化 ☞ 協助開發爬蟲程式 ☞ 必備技能-程式語言：Python / Javascript  (擇一) ☞ 必備技能-使用工具：Docker ；  曾使用過 AWS ☞ 必備技能-資料庫：MySQL,不拘 不拘 ,『~~~加分條件~~~」 ☞   程式語言： Go ☞   使用工具： Kubernetes(kops  istio  helm) / Google Cloud Platform / Drone / Jenkines ☞   程式框架： Scrapy / Splash / Pandas /  gRPC / rxgo / rxpy / goa ☞   資 料 庫  ： Elasticsearch  ☞   背景知識： Machine Learning / Statistical Analysis
資深資料程式設計師,科萊博瑞科技有限公司,台北市內湖區民權東路六段15巷41號2樓,25.0688323,121.5779504,(1)熟悉T-SQL及Stored Procedure編寫。 (2)C#.NET程式撰寫經驗。 (3)MS SQL 使用經驗及具備資料庫知識。,不拘 不拘 ,(1)需善於溝通與協調，並能獨立完成文件撰寫工作。 (2)具有系統開發經驗。 (3)良好溝通能力及組織能力。 (4)對內能團隊合作，有熱誠、認真負責。
海量資料庫工程師,綠光能數位有限公司,台北市松山區八德路四段666號7樓之3,25.0499222,121.5760657,1.公司內部及客戶資料庫建立管理及維運 2.對程式開發及調教有興趣 3.對數據分析有興趣 4.對程式開發及調教有興趣 5.Oracle/MySQL/MS-SQL 架設各種資料庫高可用度方案 6.有資料庫認證者為佳,不拘 不拘 ,未填寫
I176 Data Scientist 資料分析師,台灣大哥大股份有限公司,台北市大安區,25.0261583,121.5427093,(1)採用AI 資料分析技術，建置行銷業務應用主題模型 (2)支援營運/行銷之資料分析應用,不拘 不拘 ,(1)對資料分析有熱忱、融於團隊合作又能獨當一面 (2)應用電信/新創服務等相關資料與分析平台進行大數據分析 (3)應用先進資料處理技術建立統計模型之經驗 (4)Machine Learning  Deep Learning 等 AI 演算法
資料庫管理工程師,國泰人壽保險股份有限公司_總公司_國泰金控,台北市內湖區,25.0689422,121.5909027,1.資料庫及相關軟硬體建置、維護與監控。2.資料庫效能分析與優化調校。3.資訊系統專案架構之規劃、評估與建置。保證月薪40K以上。,Excel、Outlook、PowerPoint、Word、中文打字20~50 不拘 TOEIC、GEPT中級、FLPT(English) ,TOEIC、GEPT中級、FLPT(English)
資料管理分析人員,統一期貨股份有限公司,台北市松山區東興路8號B1樓之１,25.0503028,121.5649604,1.經營分析相關報表製作 2.經營分析相關Powerpoint製作 3.作業管理報表作業 4.商業智慧資料庫分析管理 5.其他主管交辦事項作業,Excel、Outlook、PowerPoint、Word 不拘 ,1.熟悉Excel及Powerpoint 統計相關軟體 2.熟悉微軟Window及Office工具操作 3.具使用管理資料庫經驗或懂SQL ACESS佳 4.使用過資料分析工具佳ETL/BI/ERP工具，或其他Script工具等.. 5.需很細心有耐性，反應快，主動積極，配合度高，自律能力強，具金融業/資訊背景佳。
資料倉儲工程師(維運部),普鴻資訊股份有限公司,台北市信義區忠孝東路四段560號4樓,25.0407381,121.5637989,* 駐點於金融客戶端工作 1. 依照USER需求撰寫SQL指令產生可執行SQL提供USER執行撈取資料 2. 依照TABLE變更或新增等異動使用工具程式調整現有執行之SQL 3. 監控資料倉儲系統運作 發現問題並排除  主要條件： 1. 具資料庫軟體應用程式語言操作能力(熟悉SQL指令與語法) 2. 具ETL操作工具操作能力(Teradata Informatica)尤佳. 3. 兩年以上資料倉儲或資料庫工作經驗,Informatica、MS SQL、Oracle 不拘 ,擅長技能： 1. 熟悉SQL指令語法 2. 懂資料倉儲工具程式尤佳 3. 需有至少有二年以上的資料庫工作經驗   此職缺負責銀行倉儲系統的維運， 若您對金融領域有興趣， 歡迎加入我們這個大家庭！
Oracle資料庫管理師(DBA)_薪優,縱網數碼科技有限公司,台北市內湖區基湖路  (內湖科技園區),25.0789239,121.564334,1. 擔任資料庫管理人員，負責資料庫安裝、性能調校、資源擴充與安全性管理工作  2. 保證資料庫完整性、安全性、穩定與高可用性  3. 負責資料庫備份與災難備援機制以達成業務連續性的不間斷服務  4. 有責任感能負擔與處理相應的變更及隨時檢查狀態並達到確保資料庫連續性  5. 因應緊急情況能配合隨時on call緊急處理  6. 能獨立作業並能建立技術相關基礎架構、操作與標準作業流程文件 7. 協助AP人員作業  8. 其他主管交辦事項,不拘 不拘 OCP DBA ,OCP DBA
資料庫管理人員(總公司),明台產物保險股份有限公司_資訊部,台北市大安區仁愛路四段1號,25.0382984,121.5440218,1. 管理各項Oracle/MSSQL資料庫資源使用，包含使用數量、權限管理、使用空間、系統資源（CPU、Memory、IO）等 2. 監控資料庫效能，並適時針對相關參數、查詢語句提出效能調校的建議 3. 負責資料庫系統維護、備份、備援、同步、監控等日常管理與異常排除 4. 需有 ORACLE OCP 證照,MS SQL、Oracle、PL/SQL 財務報表製作、資料庫程式設計、訂單╱管理報表製作 ,1. 有 BI 建置報表經驗尤佳
MySQL 資料庫工程師【SACG】,聚碩科技股份有限公司,台北市內湖區內湖路一段516號10樓,25.0802349,121.5738721,1.客戶端MySQL 資料庫的管理與維護。 2.MySQL的安裝建置與系統調校。 3.MySQL效能調教。 4.MySQL的備份與還原建置或演練。 5.MySQL高可用性建置與問題排除。 6.MySQL新功能測試、驗證。,不拘 不拘 ,1.具備 MySQL 資料庫管理經驗 2.具備軟體服務廠商兩年以上工作經驗者 3.學習能力強、配合度佳 4. 具有 MySQL 認證者佳 5.熟 UNIX  LINUX 使用者佳
MIS 程式設計 & 資料庫管理,元太數位科技有限公司,台北市信義區基隆路一段432號14樓之7,25.033703,121.559678,1. 偕同公司 RD 部門，共同設計開發資料庫系統與管理維護客戶端資料。 2. 開發設計企業 MIS 系統，建置維護公司網站。 3. 建置、管理、維護公司與客戶端系統，協助電腦系統故障排除。 4. 研究創新資訊應用，提出與導入企業系統改善方案，偕同開發雛型系統。,C#、Visual Studio、ADO、MS SQL、HTML、XML、IIS 伺服器網站管理維護、作業系統基本操作、資料備份與復原、電腦設備裝配、資訊設備操作檢修、資訊設備環境設定、功能測試(function test)、安全性測試(Security test)、測試環境建置規劃、壓力測試(stress test)、軟體程式設計、資料庫系統管理維護 ,未填寫
資料庫維運部專員,網石棒辣椒股份有限公司,台北市內湖區洲子街  (內湖科技園區),25.0799584,121.5712713,1. 公司內部資料庫管理、維護與整合 2.依據營運單位需求進行資料庫分析與報表開發,不拘 不拘 ,1.熟悉SQL語法、Stored Procedure、Function、View、Job等編寫 2.MS SQL、MySQL操作管理經驗1年以上 3.Stored Procedure實務經驗1年以上 4.具責任感、耐心、細心、良好的理解能力 5.熟悉資料庫管理工具 6.具.NET C#程式開發經驗尤佳 7.資訊相關科系畢業者尤佳
資料工程師(數據工程師),育駿科技股份有限公司,台北市松山區南京東路3段248號16樓之2,25.051462,121.5445486,嗨！數理分析能力佳、對分析資料數據有極大的熱情、勇於提出自己的看法， 我們要的就是你！歡迎你加入育駿這個大家庭。  ● 工作內容： 1. 彙整內外部資料，進行數據分析，為管理層決策和各業務策略提供有質量的數據支持。 2. 藉由統計分析方法，建立營運預測模型，作為商業決策參考。 3. 設計、研發與驗證可大量運算、有效率之模型演算法用以預測消費者行為，並與軟體工程師合作將演算法撰寫至營運系統中。,MS SQL、MySQL、Oracle、Excel、Visio、SAS、SPSS 不拘 ,● 其他條件： 1. 具備獨立思考、數理分析能力，且熟悉至少一種統計編碼語言或資料分析軟體 (R、Python、Scala和Java、SPSS、STATA、SAS，或其他統計相關軟體等)。 2. 對資料具高度敏感性與熱情，勇於提出自己的看法 3. 邏輯思維佳、主動積極具備良好表達與溝通能力， 4. 精通 Excel及各項函數運用，公式設定及表格製作 5. 具備資料庫管理經驗者佳(MS SQL  IBM DB2  Oracle...) 6. 擅長報表、圖表、簡報之分析工具使用(如PowerPoint  Tableau  Visio等)。 7. 有1年以上廣告投放經驗尤佳(Facebook/Google Adwords/Twitter)
資料管理師,采盟股份有限公司,台北市松山區復興北路57號3樓之1(105),25.050351,121.544387,主要工作內容：1.大數據分析及程式開發2.協助資料倉儲設計  維運及效能調校3.報表及文件產出需求條件：1.有資料庫程式開發經驗佳2.具零售業或進銷存Know-How佳3.熱情、細心、積極、思考邏輯清晰、善於溝通協調、  Open-minded,不拘 不拘 ,未填寫
資料工程師,臺北直接貸金融科技股份有限公司,台北市中山區松江路318號7樓,25.0606558,121.532867,工作內容： 1. 經濟數據與社群資料爬蟲、清理、儲存、分析。 2. 交易模型建立。 3. 與各部門協作資料應用；金融科技專題研究。  基本技能：Python 熟悉套件：BeautifulSoup、Pandas、Numpy、Scipy 熟悉框架：Django 個性特徵：具備團隊默契，能夠建立良好溝通管道。 加分項目：Scikit-learn、Machine Learning框架、網頁相關技術、資料ETL、NoSQL、MongoDB、統計模型、R、金融商品交易經驗。  公司簡介： 開發金融科技P2P網路借貸平台，規劃區塊鏈應用。團隊著重開發效率，希望應徵者具備與後端工程師及設計師間的合作經驗。辦公室在農曆年前將裝潢打造舒適的工作環境。,AJAX、Python、Ruby、R、ADO、MS SQL、Oracle、PostgreSQL、DHTML、HTML、JavaScript、jQuery 專案規劃執行╱範圍管理、分析管理會計資訊、結帳作業與帳務處理、金融專題研究分析、金融產品風險評估、網路活動規劃與執行、軟體程式設計、網路程式設計、資料庫程式設計、資料庫軟體應用 ,未填寫
電子商務資料工程師(創宇行動),創業家兄弟股份有限公司,台北市南港區三重路19-3號D棟5樓  (南港軟體工業園區),25.0571392,121.6137639,創宇行動是創業家兄弟(生活市集) 旗下的子公司，我們的主要產品「松果購物」(https://www.pcone.com.tw) 是一個 B2B2C 電子商務平台，希望能帶給使用者流暢愉悅的行動購物體驗。我們在 2016 年上線後很快速的成長，現在正積極擴編開發團隊， 希望尋找更多有經驗、有熱情的夥伴加入，一起打造令人驚豔的產品，嘗試各種電子商務模式的可能性。 ( 看看松果購物的創業故事：https://tesa.today/article/1909)   【工作內容】 1.建置符合各種分析需求的 Data Pipeline 2.參與各式資料產品的設計與開發（推薦系統、商品排序、商品銷售趨勢分析、客戶行為分析） 3.與資料分析師協作進行系統開發 4.製作分析與報表工具,不拘 不拘 ,1. Web 前後端開發經驗 2. 熟悉資料庫操作 (MySQL、MongoDB、Redis、ElasticSearch） 3. AWS 或其他公有雲維運經驗 4. 熟悉 Linux 系統的系統建置與開發  加分項目: 1. 分析大量資料的經驗 2. 使用 Machine Learning 分析資料經驗 3. Spark、Hadoop、Hive、Flink等工具使用經驗 4. 使用 R / Python 或其他統計分析與機器學習的經驗 5. 中⽂文字分析的經驗 6. Business Intelligence 使用經驗
資料中心產品經理-台北,新加坡商網達先進科技有限公司台灣分公司,台北市松山區民生東路3段109號14樓,25.0581445,121.5452296,職務說明： 1. 熟悉HP、Dell、Cisco UCS伺服器產品及虛擬化技術、桌面虛擬化及網路虛擬化，如Citrix、VMware產品及超融合架構如Nutanix或HyperFlex產品。 2. 熟悉儲存設備如NetApp、EMC產品及儲存設備虛擬化相關技術。 3. 協助業務進行售前說明與規劃。 4. 協助業務人員進行客戶端產品介紹與需求訪談。 5. 資料中心產品解決方案，了解客戶應用整合及技術支援需求。 6. 具備網路虛擬化、系統虛擬化、資料庫整合、備份系統規劃能力等。 7. 負責外部廠商及原廠團隊間的聯繫。 8. 內部業務教育訓練，包含最新Solution產品與銷售話術的知識擴散。 9. 提供銷售技術支援、產品支援與銷售活動以達到公司的業績目標。,不拘 不拘 ,其他條件： 1.大學以上相關科系畢。 2.產品規劃/整合方案/專案評估及導入3年以上相關經驗 3.熟悉資安產品、資料中心架構 Virtualization技術及Sever、Storage 相關系統技術 4.俱客戶端產品介紹規劃 執行 管理經驗 5.具團隊配合精神及良好溝通協調能力。 (請勿投遞多項職缺，請務必於履歷表上註明應徵職項及工作地點) 【工作地點：台北】
資訊部 資料分析師(凱基證券),中華開發金融控股股份有限公司(凱基證券)(凱基銀行),台北市全區  重慶南路一段  (依照公司規定分派),25.0410382,121.5130626,1.財管發展規劃專案 –資料探勘系統建置2.財管發展規劃專案 –大數據分析系統建置3.財管發展規劃專案 –資料分析視覺化工具(BI)系統建置4.企業資料倉儲建置案 – 建置資料倉儲系統，進行資料倉儲資料萃取(ETL)、資料模型(Data Model)及資料市集(Data Mart)等開發。,不拘 不拘 ,資料倉儲系統開發管理、資料探勘及大數據分析(證券業務相關工作經驗)
Oracle資料庫維運駐點管理師（台北地區）,艾博斯科技股份有限公司,台北市松山區,25.0541591,121.5638621,本公司有一專責負責提供多種資料庫顧問諮詢及服務單位，其以專精於資料庫相關技術範圍為主，並有自己獨家代理資料庫相關應用軟體，進而期望及尋找喜歡挑戰學習新技能且立志成為IT服務業專業顧問的你。 如果您對Oracle資料庫有高度的熱情與自信，想進一步提昇資料庫技能者。本公司現正高薪召募DB專業顧問，我們提供自由的環境，有志轉型成為DB顧問者，歡迎您來應徵，以下是我們的工作內容： 1.依據客戶需求，參與資料庫架構的設計，並針對整體系統架構提供建議，以創建最佳資料庫架構。 2.規劃、執行資料庫資料備援及回覆計畫。 3.管理各項資料庫資源使用，包含使用數量、權限管理、使用空間、系統資源（CPU、Memory、IO）等。 4.監控資料庫效能，並適時針對相關參數及SQL進行調校。 5.提供諮詢並協助處理資料庫的相關問題。  具備熟悉oracle資料庫技術能力背景。,Oracle 資料庫系統管理維護、資料庫軟體應用 ,＊ 抗壓性高，有責任心，能積極地完成客戶委派的工作。 ＊ 主動積極、善溝通、重團隊。 ＊ 具解決問題的獨立思考能力，學習意願高及勇於接受挑戰。 ＊ 遵守及服從工作規範。 ＊ 公司會協助相關培訓及認證。
資料庫工程師,蜂群電子商務股份有限公司,台北市內湖區陽光街321巷10號5樓,25.0730831,121.5786746,PostgreSQL 與 MongoDB 設計建置維運管理及效能調校、障礙處裡。,Oracle Forms、MySQL、PostgreSQL 資料庫系統管理維護、資料庫程式設計 ,三年以上 PostgreSQL 相關經驗 擅長工具：MySQL、Oracle、PostgreSQL、MongoDB
DD03 銷售系統部/DBA課-DBA資料庫管理(台北),智冠科技股份有限公司,台北市南港區南港路二段99-10號,25.0536294,121.5970586,1.資料庫管理、維護以及開發。 2.資料庫效能調校。 3.資料庫備份管理。 4.資料庫災難復原以及狀況排除。 5.資料庫數據分析以及問題解決。 6.資料結構設計以及資料庫建置。,不拘 不拘 ,【電腦技能專長】 MS SQL、MariaDB、Windows Server 2008、Windows 7、Microsoft Office、VS2012 【附加條件】  1.對資料庫有高度興趣及學習意願。 2.熟MariaDB。 3.熟SSIS、SSRS、SSAS者尤佳。 4.俱備DBA證照者尤佳。 5.有資料庫架構規劃以及維護經驗者尤佳。
資料庫工程師MS-SQL DBA(PNT-TW),遊戲橘子數位科技股份有限公司,台北市內湖區瑞湖街111號  (內湖科技園區),25.0718871,121.5764212,我們是一個全球數位娛樂支付團隊，有超過3 000款數位娛樂內容合作廠商、擁有1 000萬用戶、年度交易金額達100億，如果你喜愛挑戰，樂於分享、嚮往自由的工作環境，歡迎您的加入。 1. 依據系統需求，設計資料庫架構，並提供系統架構建議，以達到最佳系統效能。 2. 規劃、執行資料庫資料備援及回復計畫。 3. 管理各項資料庫資源使用，包含使用數量、權限管理、使用空間、系統資源等。 4. 監控資料庫效能，並針對相關參數及SQL進行調校。 5. 提供資料庫相關問題諮詢服務。6.T-SQL及Stored Procedrue撰寫,Excel、PowerPoint、Word 不拘 ,1. 具備三年以上MS-SQL資料庫管理經驗 2. 具備開發並維護資料庫物件程式能力(資料庫存取應用程式、資料備份及還原Script)。 3. 熟SQL Server架設、管理、維護，瞭解NoSQL(Redis  MongoDB)資料庫者佳。4. 需具備主動學習態度、良好的溝通能力與抗壓性。5.有實際always on架構管理經驗優先考慮
資料工程師,治略資訊整合股份有限公司,台北市中正區忠孝東路二段25號3樓,25.043929,121.527762,工作內容與職責： 1.系統後端程式開發。 2.分散式運算架構開發。 3.巨量資料儲存。 4.資料分析演算法開發。 5.與網頁前端介接的Web API開發(以Python進行)。 6.ETL功能、產品開發。 7.以Solr和Elasticsearch等open source為中心開發全文搜尋功能。 8.以Spark為中心開發Data Analysis系統功能。 9.爬蟲系統的開發與維護。 10.前端Web頁面開發。 以上工作項目將依專長或希望的發展方向安排個人負責項目。,不拘 不拘 ,1.超過1年的程式開發經驗。 2.熟悉Java或Python或Node.js。 3.熟悉資料庫系統的使用與管理（SQL 或 NoSQL皆可）。 4.熟悉Linux。 5.具備任何open source套件的使用經驗。 6.能夠使用git版本控制。 7.良好的英文閱讀能力。  加分項目： 1.具備TDD開發經驗。 2.具備雲端運算服務使用經驗（AWS/GCP/Azure）。 3.具搜尋引擎整合經驗（Elastic/Solr）。 4.具備機器學習或資料分析演算法知識與經驗。   舒適的工作環境，靠近善導市站六號出口，交通方便。 因公司定位於國際市場，目前與大陸與美國等皆有專案進行合作。 公司配一台 macbook 或 iMac 或 其他。 熱情、細心、積極、思考邏輯清晰、善於溝通協調佳，最重要是你認同我們的理念，可以和我們一起成長！  歡迎你加入我們的團隊。 如果我們覺得你適合這份工作，我們會跟你約個時間面試（如果你不在台北，也可以先電話面試）。  如果我們覺得您不太適合這個職務，也一定會回信告訴您為什麼，後續若有相關適合職缺進展也會優先聯繫您。  如果願意的話，順便在信件裡回答以下問題，我們會與您回信交流我們想法： 為什麼想應徵這個工作？ 在「必要條件」和「加分項目」中你不符合的項目有哪些？ 平常都去哪裡看技術文章？ 你覺得未來幾年內最值得投資的技術是什麼？
DBA資料庫管理研發工程師,宏洲科技有限公司,台北市大同區南京西路41號8樓之1,25.0529272,121.5198509,1. 設計規劃開發大型網站MongoDB HA/LB架構，BigData大數據分析、資料探勘、優化系統效能 2. 建構數據分析平台、資料倉儲、資料可視化、即時數據分析平台、風控與BI報表等系統 3. 監控資料庫效能，規劃、執行資料庫資料備援及回復計畫 4. 有TB級海量資料的維護管理經驗者佳 5. 熟悉python爬蟲程式設計、演算法和分散式系統與維護   6. 系統技術文件及流程SOP文件撰寫 7. 網站系統技術支援，協助Web Service API開發及維護 8. 其他主管交辦事項 9. 協助研發軟體新技術與新工具,Linux、PHP、Python、Data Modeling、Database Management、MS SQL、MySQL、PL/SQL、PostgreSQL、HTML、Load Balancing、Security 伺服器網站管理維護、資料備份與復原、資訊設備環境設定、軟體程式設計、網路程式設計、資料庫系統管理維護、資料庫程式設計、資料庫軟體應用、MES工廠執行系統規劃管理、企業資源規劃管理(ERP)、系統架構規劃與維護、安裝與維護網路安全系統、規劃與管理防火牆、設計網路安全系統、網路安全架構分析與設計、網路系統危機管理、網路系統配置、網路元件安裝及管理、網路規劃管理、網路設備設定安裝 ,1. 熟悉Git版本控制 2. 有Docker環境佈署經驗者加分 3. 熟AWS(Amazon Web Service)操作，具備AWS認証尤佳 4. 熟悉至少一套Issue Tracking工具及流程實作 5. 熟PHP / Laravel優先錄取，不熟願意學習加分 6. 關注Open Source的新技術發展動態，樂於分享技術
資料庫工程師,街口電子支付股份有限公司,台北市松山區長安東路二段225號8樓,25.048672,121.5455765,1.熟悉 MS SQL Server 或 MySQL 其中一項資料庫技術。 2.依據專案需求，參與資料庫架構的設計，並針對整體系統架構提供建議，以創建最佳資料庫架構。  3.規劃、執行資料庫資料備援及回覆計畫。  4.管理各項資料庫資源使用，包含使用數量、權限管理、使用空間、系統資源（CPU、Memory、IO）等。  5.監控資料庫效能，並適時針對相關參數及SQL進行調校。  6.提供諮詢並處理使用者使用資料庫的相關問題。  7.對高可用性規劃與建置有經驗者佳  8.對資料庫故障判斷及問題處理有經驗者佳  9.熟Redis MongoDB 佳,不拘 不拘 ,未填寫
【急徵】DBA 資料庫分析人員-35K,怡東人事顧問股份有限公司,台北市中正區,25.0421407,121.5198716,1.依據業務單位需求進行資料庫分析與報表開發。  2.公司內部資料庫管理、維護或整合。  3.公司相關系統維護與主管交辦事項。,不拘 不拘 ,1. 具備商業邏輯基本概念  2. 具備數據分析經驗，資料結構  3. 熟悉MS SQL資料庫 (MS SQL  SSIS  SSAS  SSRS)  有DB2經驗更佳  4. 熟悉SQL語法(T-SQL)
資料/軟體工程師,勤崴國際科技股份有限公司,台北市中正區羅斯褔路二段100號4樓,25.0267269,121.5222372,1. 建置網路服務 2. 分析數據資料,Linux、C#、Python、R、MS SQL 不拘 ,1.大數據或machine learning、AWS/Azure、Linux管理經驗尤佳 2.對於交通資訊或大眾運輸有興趣，有GIS經驗尤佳 3.熟悉SPARK
資料庫工程師,億力資訊股份有限公司,台北市松山區民權東路三段144號11樓28室,25.061756,121.547273,1.具備資料倉儲概念  2.具備SQL、Shell Script技能  3.熟悉DB基本操作及Stored Procedure開發  4.熟Hadoop尤佳,不拘 不拘 ,未填寫
【資訊】資料庫系統管理人員,國泰世華商業銀行股份有限公司_人力資源部,台北市內湖區,25.0689422,121.5909027,1. Oracle、MS SQL等資料庫建置、規劃、備份備援、政策製定與執行，災難復原、異地備援、自動化作業、高可用性(HA)、異常警示通知。 2. 管理各項資料庫資源使用，包含使用數量、權限管理、使用空間、系統資源（CPU、Memory、IO）等。 3. 監控資料庫效能，並適時針對相關參數及SQL進行調校。 4. 處理使用者使用資料庫的相關問題、狀況排除。 5. 規劃、執行資料庫資料備份、備援及回復計畫。 6. 資料庫安全管理與維護。,DB2、MS SQL、Oracle 不拘 ,【應徵資格】 1.學歷系所：大學(含)以上畢業，資訊相關科系尤佳。   2.工作經歷：2年以上。   【其他說明】 1.主要資料庫系統：Oracle、MS SQL、DB2等，具Oracle資料庫管理能力尤佳。 2.工作需On Call輪值，及配合假日離峰時段進行系統建置作業。 3.具有Oracle OCP/OCA或Microsoft MCSE/MCSA: SQL Server資訊專業認證尤佳。
61540-資料分析師(Intern),QNAP_威聯通科技股份有限公司,台北市大安區新生南路111號5樓,25.0252589,121.535004,1. 資料蒐集規劃與分析 2. 資料報表開發與分析 3. 非結構化數據分析,不拘 不拘 ,1. 資料蒐集規劃與分析 2. 資料報表開發與分析 3. 非結構化數據分析
資料工程師　Data Engineer,核桃運算股份有限公司,台北市大安區,25.0261583,121.5427093,1. 協助設計，資料彙整，實作於aws上的分散式資料串流系統.  2. 協助實作與維護以docker 自動布署的即時大數據分析系統.,不拘 不拘 ,1. 有基本資料庫概念 2. 有 kafka  golang 使用經驗尤佳
資料庫管理師,貝泰企業有限公司,台北市松山區南京東路四段77號7樓,25.0518484,121.553875,依照各部門需求，使用資料庫工具SSIS跟SSRS執行資料整理篩選以及CUBE開發 ERP問題排除以及需求分析  主要條件 1.具備資料庫應用操作開發能力(熟悉SQL以及ORACLE指令與語法) 2.具備SSIS SSRS操作能力 3.兩年以上資料倉儲或資料庫開發工作經驗,不拘 不拘 ,未填寫
I67 資料庫管理工程師 (Oracle DBA),台灣大哥大股份有限公司,台北市大安區,25.0261583,121.5427093,1. Oracle資料庫管理 2. Java平台管理 3. 專案配合,不拘 不拘 ,1. 熟悉Oracle資料庫 10g/11g/12c 2. 具SQL、PL/SQL 撰寫能力 3. 具Linux/Unix 操作能力 4. 具Java或Weblogic、JBoss平台管理能理尤佳
臨床資料管理師 (Clinical Data Manager/Programmer),佳生科技顧問股份有限公司,台北市南港區園區街3之1號5樓之2  (南港軟體工業園區),25.0589059,121.6120912,1. 撰寫臨床試驗過程中所需要的文件，包含個案報告書(CRF)、資料管理計畫書(DMP)、個案報告書輸入指南(DEG)、資料確效計畫書(DVP)、Edit Check等等。 2. 設計及修改資料管理系統(EDC)與Edit Check相關程式。 3. 處理個案報告表的各項工作，並填寫相關文件。 4. 利用資料管理系統(EDC)對臨床試驗的資料發出質疑(Query)與追蹤質疑處理狀況。 5. 定期監控資料庫與數據的狀況。 6. 對有問題的資料與相關部門進行溝通並提出解決方案。 7 支援同仁執行資料管理相關專案或事務，參與部門之工作與活動。 8. 參與客戶稽核與法規機關查核。 9. 修訂各式文件與作業程序，遵守公司與部門政策、規範、原則或程序。 10. 執行其他臨時交辦的事項。,Excel、Word、SAS 不拘 ,1. 具SAS撰寫能力尤佳 2. 有實際操作或建立臨床資料庫的經驗為佳 3. 樂於團隊合作及同仁溝通為佳 4. 重視效率及時程，並兼顧工作內容品質 5. 熟悉優良臨床試驗準則及ICH相關規範為佳 6. 熟悉臨床試驗流程、規範與相關文件內容為佳 7. Microsoft Word或類似文書編輯軟體，熟悉樣式、目錄編排、交互參照及文獻編輯等進階功能。
資料處理暨資訊設備 人員,台灣鋼鐵工業同業公會,台北市中山區,25.0792018,121.5427093,主要工作內容： 1.大學以上畢業。 2.電腦工作環境設定、簡易軟硬體(含網路設備)安裝、檢修、安全管控及維護。 3.國內外統計資料及新聞蒐集處理及編輯。 4.公文撰擬。  5.會議資料整理、簡報。  6.具英文聽說讀寫能力，TOEIC 分數750分以上尤佳。  7.具對外溝通能力。  8.具服務學習力。,Windows Server 2008、HTTP、TCP/IP、VPN、WAN、Adobe Acrobat、Excel、Internet Explorer、Outlook、PowerPoint、Visio、Word、中文打字50~75、英文打字50~75、Adobe Photoshop、Illustrator、PhotoImpact 文書處理╱排版能力、報表彙整與管理、專案採購管理、專案規劃執行╱範圍管理、專案溝通╱整合管理、研討會／講座活動規劃與執行、市場調查企劃與執行、市場調查資料分析與報告撰寫、伺服器網站管理維護、作業系統基本操作、資料備份與復原、電腦設備裝配、資訊設備操作檢修、資訊設備環境設定、資料庫系統管理維護、資料庫軟體應用、網路系統配置、網路架設佈線、網路規劃管理、網路應用軟體操作 ,未填寫
資料倉儲工程師,育學雲端股份有限公司,台北市中山區中山北路3段47號4樓,25.066614,121.5227165,1.協助資料倉儲或大數據系統規劃與建置。 2.資料倉儲相關系統維運，包括ODS、ETL、DW、DM等。 3.配合業務分析之資料需求，執行資料提供等相關作業。,ETL、Oracle、Data Marts 不拘 ,1.資料倉儲或大數據技術相關經驗尤佳。 2.熟 .NET開發經驗者佳。 3.具備 MSSQL或 Oracle使用經驗。
F-資料分析師,中國人壽保險股份有限公司(總公司),台北市松山區敦化北路122號,25.0541725,121.548392,1. 資料探勘、資料萃取分析、機器學習。  2. 金融科技相關計畫。,不拘 不拘 ,1. 具備資料探勘、機器學習等數據分析專業知識  2. 熟悉統計分析軟體或程式開發語言如R、SAS、Python等(一項或多項)  3. 具備資料探勘、機器學習或人工智慧相關應用經驗者尤佳  4. 具有良好溝通協調能力  5. 有保險資料探勘、數據分析經驗為佳
Site Intelligence Analyst (資料庫相關),百瑞精鼎國際股份有限公司,台北市信義區,25.0287024,121.5769572,-Program PAREXEL Surveys -Process investigative site lists -Support maintenance of data assets (e.g. IMPACT Harmony Investigator Database) -Support growth of data assets (e.g. IMPACT Harmony Investigator Database) -Analyze data on site inventory to determine outreach requirements to ensure an adequate pool of investigators to meet PAREXEL’s needs. -Develop and coordinate Investigator outreach plans to expand and improve the global pool of qualified investigators. -Execute and QC necessary data imports from external and other systems as needed.,不拘 資料庫系統管理維護、資料庫程式設計 ,-Significant analytic and database experience  preferably in a clinical research or healthcare setting. -Competent in oral and written English. -University degree  preferably in Computer Science  Information Management  -Clinical Research or Health Informatics or equivalent qualification and experience.
F-資料科學家,中國人壽保險股份有限公司(總公司),台北市松山區敦化北路122號,25.0541725,121.548392,1.規劃資料萃取、資料清理與理解、資料探勘、模型建置、場景發想與運用 2.跨部門分析專案、BI優化專案 3.金融科技相關計畫,不拘 不拘 ,1.工作經歷4年以下(無經驗可) 2.具備基本資料結構概念 3.已具備R、Python其一工具進行資料探勘之能力 4.具備基礎統計觀念 5.對ML、DL、AI實作與運用有高度興趣和研究意願 6.科系不拘  加分條件 : 1.熟悉SQL、R、SAS、Python、Tableau等分析工具(一項或多項)。 2.具備資料探勘、機器學習等數據分析專業知識  3.具備ML、DL、AI應用經驗 4.具良好溝通協調能力、邏輯能力佳 5.有保險資料探勘、數據分析經驗為佳
資料平台科 經辦,台北富邦商業銀行股份有限公司,台北市全區  台北市內湖區瑞湖街62號  (依照公司規定分派),25.073712,121.575546,1.資料轉換(ETL Informatica)及Oracle資料庫程式開發2.ETL/OBIEE/資料倉儲平台管理2.大數據平台規劃及建置3.部門營運管理,不拘 不拘 ,1.金融產業相關知識或經驗2.專案管理規劃、溝通及協調能力3.具非結構化資料或大數據平台相關知識或經驗尤佳英文中等以上
<金流服務軟體新創公司> 資料庫管理師 (995),"經緯智庫股份有限公司 (MGR Consulting Co., Ltd.)",台北市南港區,25.0312347,121.6111949,工作職責: 1. 執行產品上線支援及規劃及權限設定，管理資料庫伺服器HA Cluster。 2. 熟悉 MySQL Router 3. 管理、監控資料庫效能，並適時針對相關參數及SQL進行調校等優化作業 。 4. 執行資料庫開發支援、SQL程式碼審核及最佳化等。 5. 熟悉大數據分散式設計 6. 規劃、執行資料庫資料備援及回覆計畫(包含產出之檔案的管理) 7. 資料庫系統異常緊急支援與修復 8. 資料中心的資料庫系統監控與複寫設定  具備能力： 1. 5年以上DBA經驗 ， 有TB級海量資料的維護管理經驗者佳 2. Linux shell and perl scripting (CentOS/RedHat/Ubuntu) . 3. 有My-SQL資料庫管理經驗( 資料庫備份/還原、資料庫毀損修復、效能調校 )者。 4. 具備 HA架構 管理經驗 5. 熟悉scrum ， 且樂於開發工作中使用 6. 深厚的Transact-SQL及Stored/Trigger Procedure程式撰寫能力,不拘 不拘 ,加分項目： 1. 3年以上大型互聯網/高併發/分散式應用DBA經驗 2. 熟悉資料庫的運行機制和體系架構，熟悉MySQL數據庫管理 3. 熟悉Redis 、MongoDB、Cassandra、CouchDB
B-商業智能部-資料發展與應用規劃師-銀行,永豐金融控股股份有限公司 (永豐銀行/永豐金證券/永豐客服科技/永豐金租賃),台北市中山區建國北路二段9-1號,25.0530699,121.5372876,1.建立全行性統一定義的資料倉儲與資料模型，設計並規劃資料發展應用相關方案。2.資料萃取(extract)、轉置(transform)、載入(load)設計與規劃3.與使用者及開發人員合作，定義系統需求規格，參與資料倉儲架構設計與建置分析資料集，攥寫技術文件並對使用者進行教育訓練。4.分析型資料市集設計與開發、管理與維護，並用資料導向概念協助行內策略與經營管理，並加以系統化以強化各項資料應用。5.  商業智能前端應用系統(e.g.行銷管理系統)資料應用與規劃。,不拘 不拘 ,1.國內外大專(含)以上學校畢業。 2歡迎具備下列任一領域經驗、專長者報名：(1)具備資料市集/資料倉儲/OLAP規劃或實作經驗尤佳。(2)具有PL/SQL或MS-SQL相關程式開發經驗尤佳。3.歡迎對大數據資料分析或商業智慧系統應用規劃與發展有強烈意願者。4. 開放、積極學習的態度與團隊合作的精神。5. 邏輯思考清晰、認真負責、有熱誠、抗壓性、具良好表達及溝通能力，執行力強、具強烈企圖心。
Data Engineer 資料工程師,國風傳媒有限公司,台北市內湖區洲子街107號2樓  (內湖科技園區),25.080969,121.5691623,「風傳媒集團」是一間從媒體、優質內容出發的網路科技公司。我們正努力以Data為核心的產品研發方向，在面對大量的使用者行為，及多變的媒體網路環境，使用ML、AI 、Mobile、Cloud等頂尖的專業技術，研發具有競爭力及創新的網路服務，歡迎對技術充滿熱情及創意的您，加入我們精英的行列。 Data Engineer 資料工程師 工作內容 1. BigData資料蒐集、整理、儲存流程等程式系統開發 2. 網頁、APP、社群的使用者行為追蹤，資料蒐集架構開發 3. 與產品開發及資料團隊協作溝通，建立助於商務的資料分析 4. 開發資料分析介面Data Visualization,不拘 不拘 ,其他條件： 1. 熟悉 Google Tag Manager、Google Analytics 等Tracking 程式開發 2. 熟悉 Python、PHP 、Javascript語言開發 3. 熟悉後端系統、ETL架構設計 4. 熟悉MySQL、MongoDB資料庫開發 5. 熟悉 BigData資料處理架構 Spark、Kafka 6. 具備AWS 開發經驗 7. 瞭解網路、社群使用者行為分析
RD20295 軟體工具與資料庫開發工程師/高級工程師,華碩電腦股份有限公司,台北市北投區承德路七段400號,25.120271,121.501261,1.開發BU重要專案產品之分析資料庫相關重要工具2.開發有效直接改善專案執行相關工具與系統,不拘 不拘 ,1. 具C#  ASP  MS SQL 等相關軟體程式開發能力2. 資料庫相關開發基礎能力3. 具資料結構與軟體工程相關知識4. 具備版本控制工具  例如 Git  SVN 等相關知識5.樂觀積極  誠懇應對事務、高度企圖心與榮譽感
Oracle資料庫工程師,中華系統整合股份有限公司,台北市大安區,25.026793109996315,121.52242158149715,1.主要負責Orcale(佔比90%)工作項目，MySQL(佔比10%) 2.資料庫效能分析，針對相關參數及SQL Tuning進行調校。  3.資料庫維護`異常排除及升版作業。 4.規劃`執行資料庫資料備援及回覆計畫。 5.提供諮詢並處理使用者資料庫相關問題。,不拘 不拘 ,1.Oracle 資料庫相關工作3年以上。 2.精通Oracle資料庫，具OCP證照尤佳。 3.認真負責 主動積極 良好的溝通能力。
資料庫管理師,伯牙網路有限公司,台北市內湖區基湖路  (內湖科技園區),25.081678815775724,121.56555750132748,-Oracle 12c、MySQL 資料庫管理與優化。  -參與資料庫建置，並對系統架構規劃提供建議。  -資料庫效能分析，針對相關參數及SQL Tuning 進行調校。  -資料庫維護與異常排除。  -熟悉HA架構，MySQL Replication、DataGuard、Partition、RAC  -熟悉SQL、PL/SQL 撰寫  -熟悉Linux作業系統操作與shell script操作,Shell、PL/SQL、Toad 不拘 ,1.具Oracle Database OCP證照，2年以上資料庫管理經驗者尤佳。 2.具Oracle Database、MySQL其中一種資料庫管理經驗。 3.熟悉 MySQL Replication、DataGuard、RAC 。 4.不具上述經驗，但有志於資料庫管理發展者，歡迎投遞履歷，一起在這專業領域發展。
A14--雲端資料庫管理(DB)工程師,光寶科技股份有限公司,台北市內湖區瑞光路392號  (內湖科技園區),25.0778123,121.5713551,1.架構智慧型生產(行動科技與雲端運算及智慧型生產之整合)數據管理雲端資料庫2.智慧型生產之大數據分析,Excel、Outlook、PowerPoint、Word 資料庫系統管理維護 企業電子化規劃師-雲端服務規劃、雲端技術及網路服務、雲端服務商務人員 ,企業電子化規劃師-雲端服務規劃、雲端技術及網路服務、雲端服務商務人員
資料庫管理員,合邦商網股份有限公司,台北市內湖區瑞光路66巷36號  (內湖科技園區),25.0701073,121.5813009,1.具備SQL語法撰寫基礎 2.MS-SQL資料庫的日常管理和維護 3.建立及更新各類文件檔案 4.主管交辦事項 5.協助系統錯誤排查,不拘 不拘 ,●對資料庫有高度興趣及學習意願  ●有責任感、態度積極 ●學習能力強、細心
資料移轉經理,(總公司)南山人壽保險股份有限公司,台北市信義區莊敬路168號,25.0317939,121.5610914,●依據未來商業藍圖設計及資料移轉需求來定義資料移轉範圍，參與資料移轉策略之討論及制定。●依據資料移轉範圍及內容，協助流程負責人成立資料移轉小組。●確保資料移轉時程與品質符合專案主計畫●協助專案計畫與進度報告匯總更新●專案文件歸檔確認●機動支援PMO專案任務指派●引導資料移轉小組來擬定資料移轉計畫，定出資料移轉進行方式測試方式，及資料驗證方法。●引導資料移轉小組來擬定資料清理範圍及計畫。●引導資料移轉小組來配合各項測試計畫(SIT，UAT)之需求來提供測試資料。●引導資料移轉小組來制定各階段 cut-over 計劃， 並配合各階段上線計劃，進行上線資料移及驗證。●其他專案相關任務之執行與規劃,不拘 不拘 ,●具備大型專案之資料移轉經驗  熟悉專案事務●具備保險業資料移轉經驗尤佳●具備SAP專案資料移轉經驗尤佳●具專案文書處理能力 (具PC基本知識  MS Office  MS Project等操作)●溝通聯繫能力佳 主動積極
資料庫管理師,南山產物保險股份有限公司,台北市中正區忠孝西路一段6號19樓,25.0457613,121.5180933,1. 資料庫維運監控、管理、規劃。 2. 確保資料庫穩定度及處理正式環境變更與資料請求。 3. 資料庫成長監測，備份與復原計劃的落實和測試。 4. 配合相關查核任務與相關作業的合規性。 5. 參與並配合SAP專案導入，學習SAP系統與HANA資料庫管理。,不拘 不拘 ,1. 5年以上工作經驗。 2. 具備資料庫管理經驗2年以上。 3. 具備Sybase、DB2相關管理經驗佳。 4. 具SAP系統管理經驗佳。
資料庫管理師(DBA),聯瞻資訊股份有限公司,台北市中山區南京東路三段77號3樓,25.0521886,121.5386506,1.資料庫架構評估、規劃與建置。 2. 資料庫軟體安裝與升級。 3. 資料庫備份規劃與建置。 4. 資料庫備援規劃與建置。 5. 資料庫安全機制規劃與建置。 6. 資料庫監控(備份 效能 安全性)。 7. 資料庫效能調校，並針對OS  Instance相關參數及SQL進行調校。 8. 資料庫障礙排除與災後復原。 9. 資料庫變更服務執行。 10. 提供諮詢並處理使用者使用資料庫的相關問題。,Linux、Shell、UNIX、Windows 7、DB2、MySQL、Oracle 不拘 ,1.熟悉 MySQL/MariaDB資料庫及相關cluster軟體。  2.熟悉資料庫原理、 SQL語法與優化。  3.熟悉Linux作業系統。  4.學習能力強，認真負責，能獨立作業者。
資料探勘工程師,禾多移動多媒體股份有限公司,台北市中山區中山北路三段47號3樓之4,25.0666627,121.5225362,工作內涵： 資料探勘工程師需處理數據擷取、管理、處理等工作。資料來源包括各產品結構與非結構資料等，把龐雜的巨量資料整理出脈絡、洞察商機。  工作內容： (1) 應用統計/資料探勘等技術於工程資料分析與探勘 (2) 資料分析系統設計與開發 工作技能： (1) 統計理論與資料探勘技術; (2) 程式能力  如 R  SAS code  C/C++/C#  Java   其他條件：  (1) 具資料探勘平台(如 SAS EM 等) 使用經驗佳; (2) 應用資料科學於實務問題之熱忱,不拘 不拘 ,資料探勘與機器學習應用相關工作與研究經驗1~5年  具相關領域實際應用經驗或論文發表佳   科系要求： 統計/應用數學/工業工程/資訊管理/資訊工程/生物資訊/電機工程/自動控制/企業管理/商學/財務金融
資料庫管理師,愛金卡股份有限公司,台北市內湖區瑞湖街101號3樓,25.0733582,121.5761752,1.管理微軟SQL SERVER叢集 2.SQL優化與分析 3.協助開發同仁資料庫設計 4.DB系統LOG分析與問題排除 5.DB安全管理、效能監控與參數調教、備份,不拘 不拘 ,1.熟微軟SQL SERVER叢集管理與效能調教佳 2.資料庫管理相關經理二年以上者佳
